doc_link,file_path
c159562e-c1c0-4b50-8355-27455f064b3d.pdf,d4d423a0-725a-45f6-ab72-b67f42ae074d/orders/87808859-8db8-4cee-b067-04b1e79ed1f8
0048a875-17dc-4a4e-841a-646de6640224.pdf,366dcc04-6b1f-44bc-a778-43cd4850074e
00a0c8a0-0c25-4102-8a11-dc773e6cf181.pdf,57b732f2-8e02-4587-b9fd-cf9eed089726/order/6fcbbbcb-6ed1-416a-8874-10fa076c0be4
fef57bf9-537c-40d1-b8e2-34aa755e5694.txt,4a4f8821-e60e-4811-91b9-f29f6d5129cf/orders/932676bb-6b48-47a3-9b15-5a2db5763407
01129d71-e517-4fb7-a1cc-0edd76e27886.pdf,4091b44f-61c2-4a23-be1c-43d99a8443e5/order/206340
011e00fa-94a2-48f0-99aa-fb5482ff6e49.pdf,216c09ac-de57-4bd7-9345-278a8c629383/order/7e9c5fd7-43ad-490d-bb2f-04d5184043f1
017b36de-16cc-4fc5-9830-e274af48fa46.xlsx,02f890f7-818d-4a98-a8d2-5d656bf8ea0c/order/560221
018ea5cc-94a1-48e9-88be-a7f13d409554.pdf,1abf967f-0630-4309-b20d-172dfd8d327f/order/290929665
01def2d0-9db7-4dc7-a04c-3678a2a0ef7d.xlsx,b3007b12-e09a-4a30-9274-d83cc8eea89f
c768f7b9-e85a-4d1b-8264-04c0c3ff96b6.pdf,0b29d5f9-abfe-422a-93bf-ec556add4ab9/orders/459d698d-a392-4a60-a5dc-3b8844d1f984
8a5d4ef5-0474-4817-b3a1-99c3231f8dfb.doc,a8247c81-e9cb-48b5-ae59-b386441d2344/orders/64883867-b9a9-4e0e-99aa-7ab035b8ecdf
02291337-bf73-4987-bdf9-32da1624e238.pdf,1971f9eb-1022-4723-a984-306772f82c0a
70e10cf9-5a66-4944-93ef-e03d09a18525.docx,ea12e295-896c-418a-ae21-e4a640df3594/orders/514081d1-5f3d-4931-842f-47464b8a3472
a5a38e32-65e9-43fb-8e54-95ebedacba71.jpg,75f52d69-b7a4-4ae2-9077-d7ce06b44a03/orders/75ffcf51-9e1d-48c5-ad6d-55899e5cb6fc
024deb95-293e-474f-b50c-74baa344b316.pdf,fba11cff-aa88-41f0-a483-1f36b9651004/order/4aeab15f-00b1-40e9-8848-2544338a7aea
0254db95-66dc-419e-b04c-a4fbafba978f.pdf,2710d4cc-60dd-407b-88df-df5f146e62b5
02c25f9a-4153-4f2c-9438-818deeec76ec.pdf,5770518d-6ee8-431a-81b7-b3d8be242427
030c81f3-a68c-4693-b6bc-d6d9f5643000.pdf,1abf967f-0630-4309-b20d-172dfd8d327f/order/290929665
0350ea01-c530-45ca-8f14-ced70c5ee939.docx,7bfdb7a5-ee22-4ee2-8472-0cb4527f365b/order/c5a2d336-83a2-4d59-a8ae-ab894b1cd1d0
03622ce1-3a4a-402f-86ab-00039eff6fdd.pdf,ec41bae1-6bd1-42f0-920a-c404f0f3e7ce
0377a265-2f94-454e-a6a6-3c238beff442.png,40147dfb-3ff8-4205-a211-14da68cc01db/order/152ed5b9-1ffa-43b6-b07f-00af3cb13ba8
037b3413-e9cf-45a3-b048-2a91e10a9bfa.svg,a8247c81-e9cb-48b5-ae59-b386441d2344/order/320971
97ce39bf-86c3-47cd-9a47-2e9b69b5d49e.pdf,b8a84d3d-eef6-41a5-8b46-339713c7f793/orders/008b658d-6b41-4885-865f-5f205f3f5616
03bb616a-358f-4c5c-8039-47eb18bebcff.pdf,363edf01-40c1-4c31-9473-e2dfcedd1563/order/d401a688-92e1-4d2e-8556-c68b6dc33ae6
040ce621-b069-4687-b2a5-bb44f4979ada.pdf,366dcc04-6b1f-44bc-a778-43cd4850074e